Name,Date,Time,Status
Aditya,2025-10-13,14:09:17,Present
Aditya,2025-10-13,14:11:13,Present
Devansh,2025-10-13,14:11:26,Present
Devansh,2025-10-13,21:21:10,Present
Devansh,2025-10-13,21:25:39,Present
Devansh,2025-10-13,21:43:28,Present
Devansh,2025-10-13,22:19:13,Present
Aditya,2025-10-15,12:53:47,Present
Devansh,2025-10-15,12:56:22,Present
Aditya,2025-10-15,12:56:47,Present
Devansh,2025-10-15,13:09:04,Present
Aditya,2025-10-15,13:18:27,Present
Devansh,2025-10-15,13:18:39,Present

Devansh,2025-11-07,01:33:49
